A,Middle Gaoke Road,Luoshan Road
B,Zhangheng Road,Luoshan Road
C,Huatuo Road,Cailun Road
D,Cailun Road,Cailun Road
E,Zhangheng Road,Cailun Road
F,Middle Gaoke Road,Darwin Road
G,Huatuo Road,Darwin Road
H,Cailun Road,Darwin Road
I,Middle Gaoke Road,Keyuan Road
J,Huatuo Road,Keyuan Road
K,Cailun Road,Keyuan Road
L,Zhangheng Road,Keyuan Road
M,Bisheng Road,Keyuan Road
N,Huatuo Road,Yuanzhi Avenue
O,Cailun Road,Huatuo Road
P,Zhangheng Road,Huatuo Road
Q,Bisheng Road,Bisheng Road
R,Nuzhen Road,Zhongjing Avenue
S,Yuanzhi Avenue,Zhongjing Avenue
T,Cailun Road,Zhongjing Avenue
U,Zhangheng Road,Riyue Ring Road
V,Middle Gaoke Road,Jinke Road
W,Yuanzhi Avenue,Jinke Road
X,Cailun Road,Jinke Road
Y,Zhangheng Road,Jinke Road
Z,Chuanyang River,Jinke Road